행정구역,앵커시설
가평군,2
고양시 덕양구,10
고양시 일산동구,12
고양시 일산서구,7
과천시,2
광명시,10
광주시,3
구리시,5
군포시,5
김포시,11
남양주시,15
동두천시,3
부천시,19
성남시 분당구,9
성남시 수정구,5
성남시 중원구,1
수원시 권선구,10
수원시 영통구,9
수원시 장안구,8
수원시 팔달구,6
시흥시,11
안산시 단원구,9
안산시 상록구,5
안성시,6
안양시 동안구,10
안양시 만안구,2
양주시,4
양평군,1
여주시,2
연천군,0
오산시,6
용인시 기흥구,13
용인시 수지구,8
용인시 처인구,5
의왕시,3
의정부시,10
이천시,4
파주시,13
평택시,10
포천시,3
하남시,8
화성시,15
